,City Name,City Number,Latitude,Temperature,Humidity,Wind Speed,Cloud Cover,Temp in Fahrenheit
0,Mahebourg,934322,-20.41,297.15,64,5.7,40,75.0
1,Jamestown,3370903,-15.94,291.791,100,7.52,76,66.0
2,Ostrovnoy,556268,68.05,277.691,100,3.47,92,40.0
3,Saint-Philippe,935215,-21.36,298.15,44,1.5,0,77.0
4,New Norfolk,2155415,-42.78,293.15,32,8.7,0,68.0
5,Aleksandrovsk-Sakhalinskiy,2127282,50.9,287.141,74,4.37,0,57.0
6,Sembakung,1627877,3.82,306.791,56,0.62,12,93.0
7,Tuatapere,2180815,-46.13,280.941,100,3.42,92,46.0
8,Lebu,3883457,-37.62,284.341,100,6.47,92,52.0
9,Bulgan,2032201,48.81,279.741,74,1.22,32,44.0
10,Iqaluit,5983720,63.75,274.15,69,2.1,75,34.0
11,Dunedin,2191562,-45.87,279.941,85,2.47,36,44.0
12,Kapaa,5848280,22.08,299.87,97,3.6,40,80.0
13,Pangnirtung,6096551,66.15,267.991,88,2.42,0,23.0
14,Sao Joao da Barra,3448903,-21.64,296.691,98,13.37,0,74.0
15,Hasaki,2112802,35.73,291.53,88,5.7,75,65.0
16,Hobart,2163355,-42.88,293.15,32,8.7,0,68.0
17,Bredasdorp,1015776,-34.53,288.15,72,2.6,36,59.0
18,Chuy,3443061,-33.69,288.691,97,9.02,92,60.0
19,Bethel,5880568,60.79,281.45,79,4.6,1,47.0
20,Kavaratti,1267390,10.57,301.791,100,4.02,8,84.0
21,Luderitz,3355672,-26.65,284.391,87,5.47,0,52.0
22,Lorengau,2092164,-2.02,302.341,100,1.42,0,85.0
23,Kruisfontein,986717,-34.0,289.191,74,2.97,0,61.0
24,Punta Arenas,3874787,-53.16,274.15,86,4.6,0,34.0
25,Dakar,2253354,14.69,300.291,100,7.52,8,81.0
26,Saskylakh,2017155,71.97,273.591,88,5.82,0,33.0
27,Resplendor,3451650,-19.33,290.591,100,1.22,64,63.0
28,Nouadhibou,2377457,20.93,301.15,48,7.2,0,82.0
29,Takoradi,2294915,4.89,297.891,96,2.47,92,77.0
30,Pevek,2122090,69.7,280.191,89,6.62,48,45.0
31,Faanui,4034551,-16.48,298.991,100,7.42,0,79.0
32,Beringovskiy,2126710,63.05,280.591,96,10.57,92,45.0
33,Ponta do Sol,3374346,17.2,299.291,98,5.72,100,79.0
34,Tasiilaq,3424607,65.61,275.15,69,1.0,64,36.0
35,Elk City,4535823,35.41,284.43,79,2.6,1,52.0
36,Havre-Saint-Pierre,5972291,50.23,286.15,100,7.2,90,55.0
37,Hailar,2037078,49.2,290.991,49,9.57,8,64.0
38,Ilulissat,3423146,69.22,274.15,55,7.2,68,34.0
39,Najran,103630,17.54,295.15,15,1.62,0,72.0
40,Yellowknife,6185377,62.45,270.15,68,6.7,90,27.0
41,Bluff,2206939,-46.6,283.341,100,7.22,76,50.0
42,Carbonia,2525362,39.17,285.15,81,3.1,0,54.0
43,Constitucion,4011743,23.99,289.991,48,3.72,24,62.0
44,Ushuaia,3833367,-54.81,276.15,55,4.57,20,37.0
45,Calvinia,3369174,-31.47,279.691,80,1.22,0,44.0
46,Rikitea,4030556,-23.12,294.991,100,8.32,92,71.0
47,Gejiu,1810240,23.36,294.641,84,1.22,88,71.0
48,Bandarbeyla,64814,9.49,299.091,94,8.07,0,79.0
49,Almaznyy,582447,48.03,282.741,61,2.07,8,49.0
50,Bam,141736,29.11,302.691,15,2.87,0,85.0
51,Vaini,4032243,-21.2,299.15,69,4.1,40,79.0
52,Yerbogachen,2012956,61.28,282.441,83,1.32,88,49.0
53,Kaseda,1859964,31.42,298.15,61,4.6,40,77.0
54,Boone,4456703,36.22,291.73,96,1.12,75,65.0
55,Georgetown,2411397,-7.93,296.991,100,7.27,88,75.0
56,Ayni,1222222,39.39,286.341,46,0.52,92,56.0
57,Ponta Delgada,3372783,37.73,296.15,88,7.7,40,73.0
58,Moree,2156927,-29.46,297.091,45,2.47,0,75.0
59,Dukat,2125906,62.55,274.541,57,1.62,88,35.0
60,Albany,2077963,-35.02,288.191,68,4.67,32,59.0
61,Catemaco,3531416,18.42,297.741,100,1.42,48,76.0
62,Clarence Town,3572640,23.1,301.541,100,7.57,20,83.0
63,Dongying,1812101,37.43,296.241,55,2.12,12,74.0
64,Roald,3141667,62.58,280.77,70,4.6,75,46.0
65,Praxedis Guerrero,3974771,31.37,292.44,60,2.6,1,67.0
66,Amarpatan,1278899,24.32,306.691,54,2.82,0,92.0
67,Hermanus,3366880,-34.42,286.591,80,3.97,24,56.0
68,Barrow,4252975,39.51,284.63,88,1.27,1,53.0
69,Thompson,6165406,55.74,272.15,92,1.5,75,30.0
70,Manokwari,1636308,-0.87,299.041,100,1.22,44,79.0
71,Paamiut,3421193,61.99,278.041,94,17.82,92,41.0
72,Algiers,2507480,36.75,291.15,88,1.0,20,64.0
73,Norman Wells,6089245,65.28,272.15,86,1.5,40,30.0
74,Cape Town,3369157,-33.93,287.15,87,4.1,75,57.0
75,Inyonga,159134,-6.72,296.691,44,4.32,0,74.0
76,Te Anau,2181625,-45.41,279.891,75,1.42,68,44.0
77,Martapura,1636022,-3.41,307.15,44,3.1,40,93.0
78,Chokurdakh,2126123,70.62,275.891,97,6.52,80,37.0
79,Kodiak,4407665,39.95,279.85,88,4.37,1,44.0
80,Butaritari,2110227,3.07,302.141,100,3.67,20,84.0
81,Winnemucca,5710360,40.97,282.05,12,3.1,1,48.0
82,Tehachapi,5401297,35.13,298.03,35,4.1,1,77.0
83,Ngerengere,151678,-6.76,293.15,88,1.52,40,68.0
84,Padang,1633419,-0.92,301.041,100,1.52,24,82.0
85,Fortuna,5563839,40.6,281.77,100,1.17,1,48.0
86,Adre,245669,13.47,299.291,66,2.72,0,79.0
87,Port Alfred,964432,-33.59,291.091,87,3.92,20,64.0
88,Winslow,5321473,35.02,288.15,7,4.1,1,59.0
89,Ajaccio,6452235,41.93,283.86,76,4.1,0,51.0
90,Sarkand,1519691,45.41,291.991,49,2.07,0,66.0
91,Arraial do Cabo,3471451,-22.97,296.291,87,8.87,0,74.0
92,Normandin,6089179,48.84,281.15,75,2.1,75,46.0
93,Aurillac,3036016,44.93,282.66,66,3.6,0,49.0
94,Qaanaaq,3831208,77.48,267.541,100,3.42,80,22.0
95,Flin Flon,5954718,54.77,275.591,100,0.77,76,36.0
96,La Romana,3500957,18.43,300.15,83,2.6,20,81.0
97,Busselton,2075265,-33.64,290.341,98,5.82,32,63.0
98,Viedma,3832899,-40.81,277.941,81,3.22,68,41.0
99,Ketchikan,5554428,55.34,285.75,96,2.1,90,55.0
100,Port Elizabeth,964420,-33.92,285.15,87,1.5,0,54.0
101,Bud,7626370,62.91,281.49,87,3.1,75,47.0
102,Fatehpur,1179305,31.18,307.091,46,2.02,48,93.0
103,Kutum,371745,14.2,298.891,43,2.72,76,78.0
104,Tuktoyaktuk,6170031,69.44,272.15,86,9.8,75,30.0
105,Nampula,1033356,-15.12,294.15,83,4.1,75,70.0
106,Ribeira Grande,3372707,38.52,296.691,97,8.87,88,74.0
107,Port Blair,1259385,11.67,301.391,100,3.87,32,83.0
108,Avarua,4035715,-21.21,297.15,88,1.5,75,75.0
109,Guerrero Negro,4021858,27.97,291.941,100,3.47,0,66.0
110,Carballo,3126369,43.21,290.15,82,2.6,0,63.0
111,Montelibano,3674470,7.98,294.641,100,1.32,88,71.0
112,Adrar,2508813,27.87,298.15,53,8.7,75,77.0
113,Hoogeveen,2753719,52.72,284.15,93,3.1,92,52.0
114,Khatanga,2022572,71.98,275.891,74,10.57,36,37.0
115,Narsaq,3421719,60.91,277.15,55,1.0,92,39.0
116,Hofn,2630299,64.25,277.391,100,2.57,0,40.0
117,Puerto Ayora,3652764,-0.74,293.941,100,4.67,64,69.0
118,Upernavik,3418910,72.79,274.291,100,6.57,88,34.0
119,Dogondoutchi,2445553,13.64,296.591,83,2.07,0,74.0
120,Esperance,2071860,-33.86,288.741,74,4.47,68,60.0
121,Sorland,3137469,67.67,277.15,100,4.1,75,39.0
122,San Angelo,5530022,31.46,287.55,80,3.6,90,58.0
123,Castro,3896218,-42.48,279.891,100,3.72,92,44.0
124,Westport,2206900,-41.75,281.441,97,1.07,80,47.0
125,Dikson,1507390,73.51,276.791,99,6.47,88,39.0
126,Hilo,5855927,19.71,294.95,74,4.6,75,71.0
127,Ahipara,2194098,-35.17,286.291,83,4.12,56,56.0
128,Kinablangan,1708743,7.69,304.091,87,4.72,20,88.0
129,Yamada,1849876,36.58,293.33,64,3.6,75,68.0
130,Zatoka,708313,49.85,283.15,61,3.0,90,50.0
131,Kavieng,2094342,-2.57,303.291,98,5.12,44,86.0
132,Christchurch,2192362,-43.53,286.15,35,3.1,0,55.0
133,Atuona,4020109,-9.8,299.091,100,4.92,92,79.0
134,Mankono,2284589,8.06,294.391,99,1.32,92,70.0
135,Cherskiy,2126199,68.75,277.491,72,2.32,48,40.0
136,Victoria,241131,-4.62,300.15,74,7.7,75,81.0
137,Noshiro,2128867,40.21,287.56,77,4.1,75,58.0
138,Tha Chang,1605671,14.76,306.941,76,2.07,8,93.0
139,Jiangyou,1885823,31.78,291.941,80,2.77,92,66.0
140,Aljezur,2271968,37.31,295.891,86,5.47,0,73.0
141,Zhigalovo,2012532,54.81,278.191,76,2.37,88,41.0
142,Cayenne,3382160,4.94,297.15,100,4.32,0,75.0
143,Lima,3936456,-12.06,285.191,73,1.02,68,54.0
144,Bambous Virieux,1106677,-20.34,297.15,64,5.7,40,75.0
145,Clyde River,5924351,70.47,268.15,85,1.5,90,23.0
146,Abu Dhabi,292968,24.47,303.62,62,1.0,0,87.0
147,East London,1006984,-33.02,287.15,82,2.6,0,57.0
148,Hamilton,3573197,32.3,298.15,65,5.1,40,77.0
149,Faranah,2421273,10.04,292.991,97,1.37,76,68.0
150,Lagoa,2267254,37.14,297.15,73,4.6,0,75.0
151,Geraldton,2070998,-28.77,295.15,49,10.8,0,72.0
152,Camopi,3382226,3.17,297.041,85,1.47,8,75.0
153,Sandwick,2640416,54.57,287.15,100,5.7,92,57.0
154,Namibe,3347019,-15.19,291.491,100,3.42,24,65.0
155,Nara,6779095,15.17,297.841,69,2.32,44,76.0
156,Asosa,343292,10.07,298.891,60,1.77,24,78.0
157,Aklavik,5882953,68.22,268.15,85,2.1,20,23.0
158,Kaitangata,2208248,-46.28,282.091,78,4.02,36,48.0
159,Necochea,3430443,-38.55,280.991,84,4.02,80,46.0
160,Lavrentiya,4031637,65.58,279.441,93,5.02,44,43.0
161,Samarai,2132606,-10.62,298.591,100,7.57,48,78.0
162,Longyearbyen,2729907,78.22,269.15,68,7.2,40,25.0
163,Malanje,2239862,-9.54,291.191,91,1.62,68,64.0
164,Mount Gambier,2156643,-37.83,288.941,74,3.32,32,60.0
165,Lesnyye Polyany,535679,55.97,279.15,93,9.0,75,43.0
166,Barahona,3492985,18.21,300.391,100,7.02,0,81.0
167,Havelock,4470244,34.88,298.59,97,3.6,1,78.0
168,Maceio,3395981,-9.67,295.15,88,2.6,75,72.0
169,Alenquer,3407980,-1.95,298.15,100,1.0,0,77.0
170,Agadez,2448085,16.97,301.191,23,3.42,92,82.0
171,Yulara,6355222,-25.24,307.15,6,3.1,0,93.0
172,Pokhara,1282898,28.21,296.191,69,1.17,0,73.0
173,Teahupoo,4033543,-17.83,298.15,61,2.1,20,77.0
174,Mahenge,155274,-8.68,298.591,66,1.67,12,78.0
175,Lugovoy,1498919,59.72,286.541,95,3.17,92,56.0
176,Nikolskoye,546105,59.7,282.15,66,9.0,20,48.0
177,Sinnamary,3380290,5.38,300.591,97,6.57,0,81.0
178,Coquimbo,3893629,-29.95,286.15,87,1.5,90,55.0
179,Haifa,294801,32.82,295.47,73,1.5,20,72.0
180,Cockburn Town,3576994,21.46,301.141,100,7.72,92,82.0
181,Kerman,128234,30.29,291.15,17,1.77,0,64.0
182,Nador,2541479,35.17,294.59,83,1.5,40,71.0
183,Bilibino,2126682,68.06,277.391,84,2.72,88,40.0
184,Portland,2152668,-33.35,287.891,66,1.32,0,59.0
185,Mar del Plata,3863379,-46.43,278.941,79,4.57,76,42.0
186,Aragarcas,3471840,-15.9,296.891,74,1.17,0,75.0
187,Sur,286245,22.57,302.191,93,2.52,0,84.0
188,Rocha,3440777,-34.48,287.141,96,6.52,92,57.0
189,Saint George,4406895,38.54,288.24,59,2.1,90,59.0
190,Panguna,2088659,-6.32,298.641,82,3.42,80,78.0
191,Seymchan,2121373,62.93,276.091,79,1.77,92,37.0
192,Bar Harbor,4957320,44.39,293.15,94,3.1,90,68.0
193,Kholtoson,2022369,50.3,278.691,70,1.62,24,42.0
194,Abaete,3473267,-19.16,292.991,53,3.52,0,68.0
195,Belyy Yar,1510377,53.6,286.15,93,4.0,40,55.0
196,Aksarka,1512019,66.56,282.841,90,7.62,0,49.0
197,Asadabad,1148311,34.87,299.491,29,1.07,24,79.0
198,Terrace,6162949,54.52,286.15,82,1.5,90,55.0
199,Velyka Lepetykha,690247,47.18,283.191,100,3.67,0,50.0
200,Ati,2436400,13.21,300.741,71,1.62,0,82.0
201,Basco,1726449,20.45,300.391,100,6.97,88,81.0
202,Pouebo,2138607,-20.4,296.341,65,4.57,12,74.0
203,Rach Gia,1568510,10.02,304.441,77,6.47,24,88.0
204,Panama City,4167694,30.16,298.43,90,1.5,75,78.0
205,Tiksi,2015306,71.64,274.391,90,4.57,0,34.0
206,Vila do Maio,3374120,15.13,298.15,94,1.0,0,77.0
207,Aloleng,1731298,16.13,301.191,96,4.42,48,82.0
208,Nemuro,2128975,43.32,287.15,82,3.1,75,57.0
209,Talnakh,1490256,69.49,280.641,92,8.47,92,45.0
210,Safford,5312476,32.83,297.05,44,3.1,1,75.0
211,Freeport,4893171,42.3,281.13,76,3.1,1,46.0
212,Severo-Kurilsk,2121385,50.68,283.341,86,6.67,0,50.0
213,Rawson,3839307,-43.3,278.691,72,4.47,88,42.0
214,Port Lincoln,2063036,-34.72,287.991,91,5.82,92,59.0
215,Kununurra,2068110,-15.77,308.15,28,3.1,75,95.0
216,Brigantine,4500920,39.41,295.36,93,6.7,90,72.0
217,Almeirim,3407903,-1.53,299.841,77,3.12,20,80.0
218,Casas Grandes,4017582,30.15,292.591,68,0.87,0,67.0
219,Santa Marta,3668605,11.24,302.15,79,5.1,75,84.0
220,Pacific Grove,5380437,36.62,286.37,89,1.5,90,56.0
221,Cooma,2170577,-36.24,288.391,57,2.77,0,59.0
222,Rio Grande,3451138,-32.03,290.991,100,4.12,92,64.0
223,Mehamn,778707,71.03,278.25,93,11.3,75,41.0
224,Mandurah,2067119,-32.55,294.15,43,4.6,20,70.0
225,Binzhou,1816336,37.38,296.591,54,2.42,20,74.0
226,Voicesti,662541,44.6,275.15,80,1.22,0,36.0
227,Abnub,362973,27.27,294.15,64,1.5,0,70.0
228,Neepawa,6086673,50.23,279.15,87,3.6,75,43.0
229,Tura,2014833,64.27,277.091,66,1.67,0,39.0
230,Sambava,1056899,-14.27,296.841,100,7.42,76,75.0
231,Nantucket,4944903,41.28,294.63,94,8.2,90,71.0
232,Baykit,1510689,61.68,279.991,89,2.42,88,44.0
233,Oktyabrskiy,515873,55.61,279.15,87,8.0,75,43.0
234,Gornopravdinsk,1506268,60.06,289.941,61,3.47,64,62.0
235,Price,5545269,39.6,285.95,10,1.5,1,55.0
236,Monrovia,2274895,6.33,298.15,94,1.5,75,77.0
237,Berlevag,780687,70.86,278.04,87,11.3,75,41.0
238,Beboto,2435837,8.27,295.591,96,3.52,80,72.0
239,Dudinka,1507116,69.41,282.391,96,8.22,92,49.0
240,Torbay,6167817,47.66,282.15,93,8.7,75,48.0
241,Iberia,3938531,-11.41,298.091,87,0.97,0,77.0
242,Emerald,2167426,-23.53,303.641,27,2.07,8,87.0
243,Carroll,4850478,42.07,283.18,71,3.6,1,50.0
244,Palmas,3474574,-10.18,298.15,88,1.0,64,77.0
245,Mitchell,5229794,43.71,286.45,64,2.6,75,56.0
246,Carnduff,5917349,49.17,281.391,65,5.67,56,47.0
247,Northam,2064550,-31.65,293.15,45,4.6,8,68.0
248,Jacareacanga,3397763,-6.22,296.791,96,0.92,8,75.0
249,Podgorica,3193044,42.44,286.77,32,4.6,0,57.0
250,Peniche,2264923,39.36,293.15,77,2.1,0,68.0
251,Gladstone,2165478,-23.84,298.691,59,2.62,12,78.0
252,Nome,4732862,30.04,296.61,93,1.62,75,74.0
253,George,1002145,-33.96,285.15,81,2.1,0,54.0
254,Puerto Baquerizo Moreno,3652758,-0.9,294.241,100,5.37,92,70.0
255,Rock Sound,3571592,24.9,302.141,99,7.72,76,84.0
256,Ghanzi,933644,-21.7,299.191,35,3.32,80,79.0
257,Duluth,5024719,46.77,281.85,74,2.6,90,48.0
258,Chabahar,1161724,25.29,301.191,95,3.37,0,82.0
259,Aripuana,3665202,-9.17,297.241,89,0.32,48,75.0
260,Fairbanks,5861897,64.84,279.46,85,1.52,20,43.0
261,Chuguyevka,2025286,44.17,288.641,60,1.37,56,60.0
262,Fougamou,2400578,-1.22,295.091,99,1.37,92,71.0
263,Sheksna,495062,59.21,281.541,94,9.42,44,47.0
264,Anloga,2304548,5.79,298.15,94,2.6,20,77.0
265,Sobolevo,525426,54.43,282.941,93,6.12,88,50.0
266,Khash,1160571,28.22,299.391,20,3.17,0,79.0
267,Key West,5059429,47.93,280.74,95,1.5,90,46.0
268,Kropotkin,540761,45.43,285.791,70,2.22,0,55.0
269,Tezu,1254709,27.93,293.641,94,0.42,92,69.0
270,Colares,2269142,38.8,293.66,82,2.1,0,69.0
271,Seoul,1835848,37.57,296.46,36,2.6,40,74.0
272,Souillac,933995,-20.52,297.15,64,5.7,40,75.0
273,Filadelfia,3867291,-22.35,294.091,96,4.22,48,70.0
274,Zhigansk,2012530,66.77,279.541,94,2.67,88,44.0
275,Taunggyi,1293960,20.78,298.841,79,1.57,44,78.0
276,Shenjiamen,1795632,29.96,298.591,86,9.57,0,78.0
277,Nanortalik,3421765,60.14,277.591,95,5.02,92,40.0
278,Saposoa,3692029,-6.93,295.691,92,0.52,0,73.0
279,Spornoye,578283,50.84,279.15,70,6.0,0,43.0
280,Jinchang,1805733,38.52,282.341,64,6.62,0,49.0
281,Mount Isa,2065594,-20.73,307.15,14,3.6,40,93.0
282,Biloela,2175819,-24.4,301.241,30,3.37,36,83.0
283,Troitskoye,1489209,52.98,291.241,61,1.62,24,65.0
284,Awbari,2219235,26.59,294.241,61,3.22,32,70.0
285,Saint-Jerome,6138501,45.78,285.83,71,1.5,40,55.0
286,Provideniya,4031574,64.42,282.15,70,4.0,75,48.0
287,Placerville,5383559,38.73,295.32,17,5.1,1,72.0
288,College,5859699,64.86,279.46,85,1.52,20,43.0
289,Kilis,307864,36.72,292.15,68,2.02,0,66.0
290,Alta Floresta,6316343,-9.87,297.391,90,1.17,48,76.0
291,Jalu,86049,29.03,296.191,76,3.77,12,73.0
292,Carnarvon,2074865,-24.87,295.791,69,7.82,0,73.0
293,Queenstown,963516,-31.89,290.041,34,2.02,0,62.0
294,Hirara,1862505,24.8,304.15,70,9.3,75,88.0
295,Grindavik,3416888,63.84,276.92,80,5.7,75,39.0
296,Marystown,6067472,47.17,286.891,84,10.72,44,57.0
297,Bitkine,2435124,11.98,299.191,78,1.87,48,79.0
298,Nikolayevsk-na-amure,2122850,53.14,288.141,68,2.87,0,59.0
299,Cheyenne,5821086,41.14,281.2,10,3.6,1,46.0
300,Bonavista,5905393,48.65,285.991,85,11.72,36,55.0
301,Hwange,889942,-18.35,298.341,31,4.32,0,77.0
302,Sochaczew,758682,52.23,286.15,62,4.6,75,55.0
303,Nuuk,3421319,64.17,278.15,100,9.8,92,41.0
304,Manzanillo,3996663,19.05,296.991,100,1.32,68,75.0
305,San Mateo Ixtatan,3589770,15.83,288.391,100,0.27,92,59.0
306,Orlik,1496073,52.51,274.391,52,1.27,20,34.0
307,Marsa Matruh,352733,31.35,294.15,77,2.1,40,70.0
308,Lazaro Cardenas,3996234,28.39,298.141,44,5.32,88,77.0
309,Kontagora,2334008,10.4,295.341,96,2.12,32,72.0
310,Cabedelo,3404558,-6.97,296.15,94,2.1,40,73.0
311,Turka,2014808,52.95,279.941,93,5.22,76,44.0
312,Phulpur,1259734,26.08,305.491,75,2.67,20,90.0
313,Muros,3115824,42.77,290.15,77,2.1,0,63.0
314,Hithadhoo,1282256,-0.6,300.841,100,6.97,64,82.0
315,Derzhavinsk,1524606,51.1,293.391,44,4.47,0,68.0
316,Tigil,2120612,57.8,282.091,62,4.32,88,48.0
317,Bridgend,2654755,51.51,281.5,100,1.0,0,47.0
318,Dingle,2964782,52.14,284.891,100,4.57,0,53.0
319,Pincher Creek,6104841,49.49,282.15,76,3.6,90,48.0
320,Karratha,6620339,-20.74,312.091,8,3.77,0,102.0
321,Chanthaburi,1611269,12.61,304.15,79,4.1,20,88.0
322,Srednekolymsk,2121025,67.46,274.991,75,1.42,56,35.0
323,Sabinas Hidalgo,3988327,26.51,292.891,100,1.32,92,68.0
324,Marseille,2995469,43.3,285.15,87,2.6,0,54.0
325,Cabo San Lucas,3985710,22.89,300.15,78,1.0,20,81.0
326,Grand Gaube,934479,-20.01,297.15,64,5.7,40,75.0
327,Sola,2134814,-13.88,300.341,94,6.12,92,81.0
328,Salalah,286621,17.01,298.15,73,2.6,40,77.0
329,Sao Filipe,3374210,14.9,298.691,98,2.42,56,78.0
330,Jalostotitlan,4004153,21.2,291.15,68,4.1,5,64.0
331,Acapulco,3533462,16.86,300.15,83,1.02,75,81.0
332,Iwaki,2112539,37.05,286.15,100,5.7,75,55.0
333,Mackay,2159220,-21.15,299.15,57,6.7,0,79.0
334,Zalantun,2033225,48.0,292.241,41,3.92,0,66.0
335,Honningsvag,779554,70.98,277.15,93,11.3,75,39.0
336,Devils Lake,5058868,48.11,281.76,71,5.7,20,47.0
337,Vilhena,3924679,-12.74,295.191,92,0.82,24,72.0
338,Corinto,3620269,12.48,296.791,96,1.22,68,75.0
339,Aksu,1529660,41.12,288.741,64,1.47,8,60.0
340,Husavik,2629833,66.04,274.15,100,1.0,20,34.0
341,Coxim,3465228,-18.5,297.241,80,1.42,68,75.0
342,Ormond Beach,4167178,29.29,299.36,96,2.1,20,79.0
343,Arys,1526168,42.43,297.15,31,6.0,90,75.0
344,Inhapim,3461214,-19.55,289.091,92,1.87,8,61.0
345,Woodstock,4231874,34.1,294.64,99,1.12,90,71.0
346,Port Augusta,2063056,-32.49,290.15,63,5.7,0,63.0
347,Ajdabiya,89113,30.75,295.541,76,1.97,20,72.0
348,Zhuhai,2052479,40.71,281.15,87,6.0,40,46.0
349,Hays,4272782,38.88,285.64,56,3.6,1,54.0
350,Osinniki,1495974,53.61,287.141,91,1.47,88,57.0
351,Araouane,2460954,18.9,296.791,36,1.22,20,75.0
352,Jiuquan,1280957,39.73,281.941,67,1.87,0,48.0
353,Aspindza,615660,41.57,281.241,90,1.27,68,47.0
354,Grand-Santi,3381538,4.27,297.191,87,2.12,8,75.0
355,Katsuura,1865309,33.93,296.15,73,2.6,75,73.0
356,Cavaillon,3028134,43.83,284.16,93,1.17,0,52.0
357,Sao Miguel do Araguaia,3448455,-13.28,297.441,82,1.32,32,76.0
358,Alofi,4036284,-19.06,298.15,69,5.7,68,77.0
359,Koungou,1090225,-12.73,300.15,69,6.7,40,81.0
360,Tabou,2281120,4.42,298.541,100,6.12,92,78.0
361,Falkenberg,2715573,56.9,285.15,81,9.8,20,54.0
362,Petropavlovsk-Kamchatskiy,2122104,53.05,288.15,38,8.0,0,59.0
363,Aberdeen,5785243,46.98,286.44,90,1.17,1,56.0
364,Keflavik,3415496,64.0,276.92,80,5.7,75,39.0
365,Buala,2109528,-8.15,299.891,98,6.47,92,80.0
366,Presidente Olegario,3452327,-18.42,291.591,49,2.97,0,65.0
367,Constantine,2501152,36.36,285.15,87,1.5,40,54.0
368,Hajnowka,771158,52.74,285.741,82,10.87,68,55.0
369,Gamba,2400547,-2.72,297.491,100,3.82,88,76.0
370,Mahibadhoo,1337605,3.78,300.891,100,8.02,80,82.0
371,Santa Rosa,3835994,-36.62,281.891,96,4.32,100,48.0
372,Singapore,1880252,1.29,304.91,62,4.1,75,89.0
373,Ambilobe,1082243,-13.19,301.191,42,8.02,0,82.0
374,Tieling,2034439,42.29,293.541,69,2.87,0,69.0
375,Gazli,1513990,40.13,295.991,41,2.77,0,73.0
376,Azua,3512208,18.45,290.291,92,1.32,8,63.0
377,Nipawin,6088469,53.36,276.15,93,6.2,90,37.0
378,Galle,1246294,6.04,300.641,91,3.92,64,81.0
379,Ust-Shonosha,477958,61.15,278.241,97,10.42,92,41.0
380,Fort-Shevchenko,609906,44.51,289.241,100,8.62,76,61.0
381,Ishigaki,1861416,24.34,299.15,88,12.3,75,79.0
382,Poum,2138555,-20.23,296.491,98,6.22,44,74.0
383,Saint-Augustin,6138501,45.63,285.83,71,1.5,40,55.0
384,Road Town,3577430,18.42,300.95,74,3.6,1,82.0
385,Mishan,2035746,45.55,290.141,67,1.52,24,63.0
386,Athens,4180386,33.96,294.6,100,1.77,75,71.0
387,Trinidad,3902377,-14.83,299.141,73,1.72,20,79.0
388,Bealanana,1068670,-14.54,297.091,38,1.77,0,75.0
389,Porto Velho,3662762,-8.75,297.15,83,1.0,40,75.0
390,Koubia,2418764,11.59,291.241,92,1.17,36,65.0
391,Caborca,3996893,30.58,294.191,50,1.37,24,70.0
392,Camocim,3403687,-2.9,297.441,89,7.17,44,76.0
393,Kiruna,605155,67.86,275.15,74,8.7,75,36.0
394,Willowmore,939676,-33.3,284.241,57,2.07,0,52.0
395,Eenhana,3357804,-17.48,294.391,22,5.67,0,70.0
396,Malyn,702116,50.77,280.15,93,6.0,90,45.0
397,Neman,522742,55.03,285.541,77,7.27,20,54.0
398,Sucua,3650956,-2.46,288.691,84,1.22,12,60.0
399,Fukue,1848373,35.03,294.69,77,2.1,75,71.0
400,Touros,3386213,-5.2,297.891,88,6.17,80,77.0
401,Zaysan,1517060,47.47,287.891,58,1.77,0,59.0
402,Tromso,3133895,69.65,275.15,80,1.0,75,36.0
403,Havoysund,779622,71.0,275.15,80,11.8,40,36.0
404,Reyes,3906478,-14.3,296.941,92,1.02,0,75.0
405,Hervey Bay,2146219,-25.3,295.441,84,4.37,0,72.0
406,Sistranda,3139597,63.73,281.15,75,11.3,75,46.0
407,Marica,3457708,-22.92,297.15,83,1.0,0,75.0
408,Harper,2276492,4.38,298.841,100,6.37,92,78.0
409,Sao Felix do Xingu,3388847,-6.64,295.641,97,0.97,56,72.0
410,Luwuk,1637001,-0.95,300.491,83,3.62,48,81.0
411,Puerto Escondido,3520994,15.86,300.791,100,1.52,36,82.0
412,Hovd,1516048,48.01,286.241,86,1.72,0,56.0
413,Nanakuli,5851349,21.39,299.66,96,1.82,75,80.0
414,Balakhninskiy,2027196,58.01,276.591,100,1.37,92,38.0
415,Fort Nelson,5955902,58.81,280.15,70,2.1,75,45.0
416,Ust-Tsilma,477940,65.44,278.391,88,5.37,92,41.0
417,Praia da Vitoria,3372760,38.73,296.15,88,8.97,75,73.0
418,Amberley,2193968,-43.15,286.15,37,2.6,0,55.0
419,Mochudi,933340,-24.38,295.441,30,4.42,0,72.0
420,Kartaly,1504317,53.05,290.991,38,7.27,92,64.0
421,Ust-Kut,2013923,56.78,278.241,94,2.12,92,41.0
422,San Patricio,3985168,19.22,296.991,100,1.32,68,75.0
423,Neiafu,4032420,-18.65,299.15,74,2.6,40,79.0
424,Santiago del Estero,3835869,-27.8,294.691,95,3.17,92,71.0
425,Ossora,2122389,59.24,278.441,96,9.52,0,42.0
426,Vila Franca do Campo,3372472,37.72,296.15,88,8.2,40,73.0
427,Hell,3136765,63.45,281.15,70,8.7,75,46.0
428,Mauganj,1263300,24.67,306.241,64,3.02,0,92.0
429,Moron,2029947,47.38,277.991,100,10.62,92,41.0
430,Sao Gabriel da Cachoeira,3662342,-0.13,297.341,93,1.22,12,76.0
431,Klaksvik,2618795,62.23,279.15,93,2.6,92,43.0
432,Ryotsu,1853371,38.08,293.15,72,2.6,75,68.0
433,Teruel,3108126,40.34,289.15,93,2.6,88,61.0
434,Domoni,921906,-12.26,298.991,100,8.37,8,79.0
435,Mayumba,2399001,-3.44,296.591,100,3.22,92,74.0
436,Barreirinhas,3406196,-2.75,297.991,82,5.87,0,77.0
437,Vostok,2013279,46.45,285.841,66,1.17,88,55.0
438,Angoche,1052944,-16.23,298.491,100,4.07,0,78.0
439,Itoman,1861280,26.12,302.42,82,10.8,75,85.0
440,Agirish,1512101,61.92,285.741,55,2.77,24,55.0
441,Savonlinna,637293,61.87,280.15,70,7.2,90,45.0
442,Vacaville,5405228,38.36,291.74,44,1.77,1,65.0
443,Thunder Bay,6166142,48.41,280.15,100,2.97,90,45.0
444,Haimen,1801200,31.87,298.891,74,6.02,44,78.0
445,Ntchisi,927384,-13.36,294.15,60,6.7,0,70.0
446,Sibolga,1213855,1.74,299.791,86,0.77,36,80.0
447,Preobrazheniye,2017658,42.9,286.691,66,0.72,92,56.0
448,Ugoofaaru,1337619,5.67,301.491,100,5.92,88,83.0
449,Ucluelet,6171633,48.94,283.941,93,1.17,0,51.0
450,Bridgetown,3374036,13.1,300.15,83,6.7,75,81.0
451,Puerto del Rosario,2512186,28.5,296.15,73,6.7,20,73.0
452,Aban,1512218,56.67,283.191,72,4.22,44,50.0
453,Kampong Cham,1831173,11.99,305.341,82,1.52,12,90.0
454,Hearst,5973108,49.69,279.841,99,2.32,44,44.0
455,Vitim,2013375,59.44,280.141,100,1.42,92,45.0
456,Banda Aceh,1215502,5.56,302.841,74,1.12,20,85.0
457,Tainan,1668355,22.99,304.71,52,3.1,75,89.0
458,Voi,178522,-3.4,293.341,97,2.22,92,68.0
459,Russkaya Polyana,1493423,53.78,294.391,56,2.32,0,70.0
460,Kisangani,212730,0.52,296.891,95,0.92,64,75.0
461,Oranjemund,3354071,-28.55,286.591,97,4.22,0,56.0
462,Lithgow,2160053,-33.48,297.15,31,5.7,0,75.0
463,Defiance,5151861,41.28,282.65,89,0.92,1,49.0
464,Itarema,3393692,-2.92,298.141,86,7.27,12,77.0
465,Chicla,3934586,-11.71,273.591,89,1.37,80,33.0
466,Vagur,2610806,61.47,282.591,100,10.87,32,49.0
467,Vysokogornyy,2013216,50.1,285.641,64,1.32,0,54.0
468,The Pas,6164499,53.82,276.15,93,4.6,90,37.0
469,Am Timan,245338,11.04,297.691,78,2.12,8,76.0
470,Eureka,5563397,40.8,281.8,100,1.17,90,48.0
471,Linxia,1803331,35.6,281.891,78,1.67,48,48.0
472,Nouakchott,2377450,18.08,302.241,86,4.32,24,84.0
473,Boddam,2655288,57.47,287.15,67,4.6,56,57.0
474,La Asuncion,3480908,11.03,299.091,100,1.97,80,79.0
475,Oyotun,3694197,-6.85,292.15,29,6.2,40,66.0
476,Desaguadero,3941492,-16.56,270.491,60,1.07,12,27.0
477,Sheridan,5438542,39.65,284.48,28,2.17,1,52.0
478,Campos,3446400,-11.19,296.091,82,3.32,92,73.0
479,Cidreira,3466165,-30.17,292.741,98,1.57,80,67.0
480,Mumford,2297810,5.26,296.691,95,2.07,92,74.0
481,Ridgecrest,5387494,35.62,295.95,4,4.6,20,73.0
482,Udachnyy,2014624,66.42,276.341,81,1.47,88,38.0
483,Dodge City,5445298,37.75,283.01,58,3.6,1,50.0
484,Innisfail,2162683,-17.52,296.891,43,2.67,0,75.0
485,Muravlenko,1540711,63.79,289.791,70,7.57,68,62.0
486,Kuala Terengganu,1734705,5.33,306.15,66,2.1,75,91.0
487,Dwarka,1273294,28.58,301.15,78,2.1,0,82.0
488,Jermuk,174884,39.84,287.691,68,0.97,0,58.0
489,Tual,1623197,-5.67,300.891,96,6.67,12,82.0
490,Puerto Cabezas,3617154,14.04,299.691,100,3.22,32,80.0
491,Posse,3452599,-14.08,297.241,36,5.02,68,75.0
492,San Cristobal,3652567,-1.02,289.191,100,0.82,92,61.0
493,Waipawa,2185329,-39.94,281.891,83,1.92,88,48.0
494,Bonnyville,5905616,54.27,279.15,81,2.6,75,43.0
495,Fare,4034496,-16.7,298.541,100,6.32,0,78.0
496,Maltahohe,3355624,-24.83,284.341,53,1.02,0,52.0
497,Hay River,5972762,60.82,274.15,55,3.6,75,34.0
498,Nishihara,1850144,35.74,290.16,87,5.1,90,63.0
499,Lompoc,5367788,34.64,286.56,89,1.5,90,56.0
500,Sidney,5172078,40.28,285.1,74,2.6,75,54.0
501,Broome,2075720,-17.97,302.15,66,6.7,20,84.0
502,La Ronge,6050066,55.1,275.15,93,2.1,75,36.0
503,Boa Vista,3664980,2.82,302.15,66,2.1,0,84.0
504,Charters Towers,2171722,-20.07,298.841,58,3.47,32,78.0
505,Kirakira,2178753,-10.46,298.241,100,12.12,92,77.0
506,Ballina,2177069,-28.87,293.641,99,3.92,0,69.0
507,Ilhabela,3461425,-23.78,294.841,100,2.42,56,71.0
508,Kaohsiung,1673820,22.62,304.61,55,3.1,75,89.0
509,Tomatlan,3981391,19.93,296.741,93,1.17,64,74.0
510,Korla,1529376,41.76,292.241,37,2.07,0,66.0
511,Querfurt,2851393,51.38,283.53,54,5.1,75,51.0
512,Ozernovskiy,2122293,51.5,282.241,85,6.12,92,48.0
513,Richards Bay,962367,-28.77,293.541,85,2.07,36,69.0
514,Bahar,142000,34.91,286.15,28,1.52,0,55.0
515,Chapais,5919850,49.78,276.15,86,2.6,90,37.0
516,Mbala,176146,-8.85,295.591,48,6.42,0,72.0
517,Tilichiki,2120591,60.47,277.091,90,6.17,80,39.0
518,Okha,2122614,53.59,289.141,59,5.02,0,61.0
519,Luau,876177,-10.71,296.491,77,1.07,24,74.0
520,Kamenka,553725,53.19,277.741,76,8.42,88,40.0
521,Kangaatsiaq,3422683,68.31,274.791,100,4.32,76,35.0
522,Caravelas,3466980,-17.73,297.991,100,6.02,80,77.0
523,Tinskoy,1489571,56.15,280.441,70,2.67,68,45.0
524,Cayhagan,1717550,9.67,299.341,100,6.07,88,79.0
525,Krivosheino,1501795,57.34,290.391,70,3.12,0,63.0
526,Kez,550902,57.9,279.941,87,5.92,24,44.0
527,Lumeje,876123,-11.56,294.291,70,1.87,0,70.0
528,Presidencia Roque Saenz Pena,3840300,-26.79,294.741,97,1.97,56,71.0
529,Bukama,217834,-9.2,300.391,71,1.97,44,81.0
530,San Carlos de Bariloche,7647007,-41.13,274.15,100,1.5,90,34.0
531,Prince Rupert,6113406,54.32,286.15,93,2.1,90,55.0
532,Prescott,5309842,34.54,290.95,41,1.17,1,64.0
533,Segezha,497927,63.74,280.091,97,3.57,80,44.0
534,Lashio,1314759,22.93,300.941,73,1.02,32,82.0
535,Axim,2303611,4.87,298.641,100,4.07,92,78.0
